Bệnh nhân,tx,ty
BN417,9.2839050,105.7199765
BN417,9.2839050,105.7199765
BN417,9.2839050,105.7199765
BN417,9.2839050,105.7199765
BN417,10.0804831,105.7121776